Workbook

Sheet Overview
A1: G1 built-in whole-body motions (firmware 1.5.6)
A2: Category | B2: Motions | C2: Tested | D2: Description
A3: Dances | B3: =COUNTA(Dances!A3:A12) -> 10 | C3: =COUNTIF(Dances!F3:F12,"Yes") -> 1 | D3: Whole-body dances. Feet move: keep 2-3 m clear, gantry rope slack for first runs.
A4: Greetings | B4: =COUNTA(Greetings!A3:A16) -> 14 | C4: =COUNTIF(Greetings!F3:F16,"Yes") -> 1 | D4: Hello, welcome, bow, salute, handshake.
A5: Pointing | B5: =COUNTA(Pointing!A3:A12) -> 10 | C5: =COUNTIF(Pointing!F3:F12,"Yes") -> 0 | D5: Pointing and presenting.
A6: Talking | B6: =COUNTA(Talking!A3:A15) -> 13 | C6: =COUNTIF(Talking!F3:F15,"Yes") -> 0 | D6: Emphasis and thinking gestures - useful while the voice bot speaks.
A7: Hearts & Kisses | B7: =COUNTA('Hearts & Kisses'!A3:A10) -> 8 | C7: =COUNTIF('Hearts & Kisses'!F3:F10,"Yes") -> 0 | D7: Hearts and blown kisses.
A8: Celebrating | B8: =COUNTA(Celebrating!A3:A14) -> 12 | C8: =COUNTIF(Celebrating!F3:F14,"Yes") -> 0 | D8: Celebration and fun.
A9: Poses | B9: =COUNTA(Poses!A3:A10) -> 8 | C9: =COUNTIF(Poses!F3:F10,"Yes") -> 0 | D9: Poses and idle behaviors.
A10: System | B10: =COUNTA(System!A3:A6) -> 4 | C10: =COUNTIF(System!F3:F6,"Yes") -> 0 | D10: DO NOT USE for now: 402 makes the robot lie on the floor.
A11: Total | B11: =SUM(B3:B10) -> 79 | C11: 2

Sheet Dances
A1: Dances: Whole-body dances. Feet move: keep 2-3 m clear, gantry rope slack for first runs.
A2: ID | B2: SetFsmId value | C2: Firmware name | D2: Meaning | E2: Length (s) | F2: Tested | G2: Notes
A3: 502 | B3: =550000+A3 -> 550502 | C3: vq_POPPING1_003_SY_09478d7c_G1_50hz | D3: Popping dance | E3: 38.6 | F3: No
A4: 503 | B4: =550000+A4 -> 550503 | C4: vq_POPPING8_001_v1_G1_50hz | D4: Popping dance | E4: 25.8 | F4: No
A5: 504 | B5: =550000+A5 -> 550504 | C5: vq_POPPING9_001_v1_G1_50hz | D5: Popping dance | E5: 30 | F5: No
A6: 602 | B6: =550000+A6 -> 550602 | C6: vq_POPPING1_002_SY_83b11255_G1_50hz | D6: Popping dance (shorter version) | E6: 18.3 | F6: No
A7: 604 | B7: =550000+A7 -> 550604 | C7: vq_YSKJ_JIXIEWU3_001_XX_b1f11bf1_G1_50hz | D7: 机械舞 Robot dance | E7: 17.9 | F7: Yes | G7: Real robot 2026-10-06: 550 for ~18 s -> back to 801 by itself
A8: 506 | B8: =550000+A8 -> 550506 | C8: vq_YSKJ_NEWBALEI_008_v1_G1_50hz | D8: "New ballet"? (guess) | E8: 32 | F8: No
A9: 601 | B9: =550000+A9 -> 550601 | C9: vq_G1_2026_0527_143543_Take_074_Skeleton0.bvh_50hz | D9: Mocap dance (Take 074) | E9: 27.8 | F9: No
A10: 603 | B10: =550000+A10 -> 550603 | C10: vq_Take_100_Skeleton0_3ece638d_G1_50hz | D10: Mocap dance (Take 100) | E10: 21 | F10: No
A11: 605 | B11: =550000+A11 -> 550605 | C11: vq_YSKJ_WOYAOFANGUOXUESHAN_001_XX_f3f9bad0_G1_50hz | D11: 我要翻过雪山 "I want to cross the snowy mountain" song dance | E11: 31.2 | F11: No
A12: 574 | B12: =550000+A12 -> 550574 | C12: yingbin | D12: 迎宾 Welcoming-guests routine | E12: 42.2 | F12: No

Sheet Greetings
A1: Greetings: Hello, welcome, bow, salute, handshake.
A2: ID | B2: SetFsmId value | C2: Firmware name | D2: Meaning | E2: Length (s) | F2: Tested | G2: Notes
A3: 507 | B3: =550000+A3 -> 550507 | C3: hello_left_hand | D3: Wave hello, left hand | E3: 4.1 | F3: No
A4: 508 | B4: =550000+A4 -> 550508 | C4: hello_right_hand | D4: Wave hello, right hand | E4: 4.9 | F4: No
A5: 509 | B5: =550000+A5 -> 550509 | C5: hello_both_hand | D5: Wave hello, both hands | E5: 5 | F5: No
A6: 553 | B6: =550000+A6 -> 550553 | C6: vq_shuangshoudazhaohu | D6: 双手打招呼 Greet with both hands | E6: 6 | F6: No
A7: 554 | B7: =550000+A7 -> 550554 | C7: vq_shuangshouhuanying | D7: 双手欢迎 Welcome with both hands | E7: 4.2 | F7: No
A8: 568 | B8: =550000+A8 -> 550568 | C8: vq_youshoudazhaohu | D8: 右手打招呼 Greet with right hand | E8: 5.1 | F8: No
A9: 572 | B9: =550000+A9 -> 550572 | C9: vq_zuoshouzhaohu | D9: 左手招呼 Greet with left hand | E9: 5 | F9: No
A10: 565 | B10: =550000+A10 -> 550565 | C10: vq_wave_above_head | D10: Big wave above the head | E10: 5.8 | F10: No
A11: 566 | B11: =550000+A11 -> 550566 | C11: vq_wave_under_head | D11: Wave below the head | E11: 3.9 | F11: No
A12: 516 | B12: =550000+A12 -> 550516 | C12: bow | D12: Bow | E12: 4.9 | F12: No
A13: 543 | B13: =550000+A13 -> 550543 | C13: vq_jingli | D13: 敬礼 Salute | E13: 4.1 | F13: Yes | G13: Real robot 2026-10-06: run mode 801 -> 550 for ~5 s -> back to 801 by itself
A14: 552 | B14: =550000+A14 -> 550552 | C14: vq_shake_hand | D14: Handshake | E14: 1.9 | F14: No
A15: 525 | B15: =550000+A15 -> 550525 | C15: shake_right_hand | D15: Handshake, right hand | E15: 5.9 | F15: No
A16: 570 | B16: =550000+A16 -> 550570 | C16: vq_ziwojieshao | D16: 自我介绍 Self-introduction gesture | E16: 7.9 | F16: No

Sheet Pointing
A1: Pointing: Pointing and presenting.
A2: ID | B2: SetFsmId value | C2: Firmware name | D2: Meaning | E2: Length (s) | F2: Tested | G2: Notes
A3: 514 | B3: =550000+A3 -> 550514 | C3: gesture_to_left | D3: Present / point to the left | E3: 5.4 | F3: No
A4: 515 | B4: =550000+A4 -> 550515 | C4: gesture_to_right | D4: Present / point to the right | E4: 4.7 | F4: No
A5: 558 | B5: =550000+A5 -> 550558 | C5: vq_shuangshouyouzhi | D5: 双手右指 Both hands point right | E5: 5.5 | F5: No
A6: 559 | B6: =550000+A6 -> 550559 | C6: vq_shuangshouzuozhi | D6: 双手左指 Both hands point left | E6: 5 | F6: No
A7: 569 | B7: =550000+A7 -> 550569 | C7: vq_youshouqianzhi | D7: 右手前指 Right hand points forward | E7: 5.1 | F7: No
A8: 573 | B8: =550000+A8 -> 550573 | C8: vq_zuoshouzhixiang | D8: 左手指向 Left hand points | E8: 4.2 | F8: No
A9: 537 | B9: =550000+A9 -> 550537 | C9: vq_extend_right_arm_forward | D9: Right arm extended forward | E9: 2.5 | F9: No
A10: 539 | B10: =550000+A10 -> 550539 | C10: vq_forward_push | D10: Push forward | E10: 3.1 | F10: No
A11: 517 | B11: =550000+A11 -> 550517 | C11: hands_gesture_something | D11: Presenting something with the hands | E11: 10.6 | F11: No
A12: 564 | B12: =550000+A12 -> 550564 | C12: vq_view | D12: Look around / viewing? (guess) | E12: 4.4 | F12: No

Sheet Talking
A1: Talking: Emphasis and thinking gestures - useful while the voice bot speaks.
A2: ID | B2: SetFsmId value | C2: Firmware name | D2: Meaning | E2: Length (s) | F2: Tested | G2: Notes
A3: 511 | B3: =550000+A3 -> 550511 | C3: emphasize_left | D3: Emphasis gesture, left | E3: 4.2 | F3: No
A4: 512 | B4: =550000+A4 -> 550512 | C4: emphasize_front | D4: Emphasis gesture, front | E4: 3.7 | F4: No
A5: 513 | B5: =550000+A5 -> 550513 | C5: emphasize_right | D5: Emphasis gesture, right | E5: 5 | F5: No
A6: 536 | B6: =550000+A6 -> 550536 | C6: vq_emphasize | D6: Emphasis | E6: 2.7 | F6: No
A7: 510 | B7: =550000+A7 -> 550510 | C7: shrug | D7: Shrug | E7: 3.5 | F7: No
A8: 560 | B8: =550000+A8 -> 550560 | C8: vq_sikao | D8: 思考 Thinking pose | E8: 4.3 | F8: No
A9: 522 | B9: =550000+A9 -> 550522 | C9: rest_chin | D9: Hand on chin (thinking) | E9: 8.2 | F9: No
A10: 547 | B10: =550000+A10 -> 550547 | C10: vq_refuse | D10: Refuse / "no" | E10: 2.3 | F10: No
A11: 540 | B11: =550000+A11 -> 550540 | C11: vq_fuxiongqueren | D11: 抚胸确认 Hand on chest, "I agree / promise" | E11: 4.8 | F11: No
A12: 548 | B12: =550000+A12 -> 550548 | C12: vq_right_hand_on_heart | D12: Right hand on heart | E12: 3.2 | F12: No
A13: 549 | B13: =550000+A13 -> 550549 | C13: vq_right_hand_on_mouth | D13: Right hand on mouth | E13: 2.8 | F13: No
A14: 567 | B14: =550000+A14 -> 550567 | C14: vq_youqiecai | D14: 右切菜 "Chopping" hand motion, right (guess: explaining gesture) | E14: 5.9 | F14: No
A15: 571 | B15: =550000+A15 -> 550571 | C15: vq_zuoqiecai | D15: 左切菜 "Chopping" hand motion, left (guess) | E15: 6.5 | F15: No

Sheet Hearts & Kisses
A1: Hearts & Kisses: Hearts and blown kisses.
A2: ID | B2: SetFsmId value | C2: Firmware name | D2: Meaning | E2: Length (s) | F2: Tested | G2: Notes
A3: 523 | B3: =550000+A3 -> 550523 | C3: make_heart_upon_head | D3: Heart shape above the head | E3: 5.1 | F3: No
A4: 561 | B4: =550000+A4 -> 550561 | C4: vq_toudingbixin | D4: 头顶比心 Heart above the head (v2) | E4: 6.6 | F4: No
A5: 545 | B5: =550000+A5 -> 550545 | C5: vq_make_heart_with_right_hand | D5: Heart with right hand | E5: 3.1 | F5: No
A6: 524 | B6: =550000+A6 -> 550524 | C6: make_left_kiss | D6: Kiss, left hand | E6: 5.7 | F6: No
A7: 526 | B7: =550000+A7 -> 550526 | C7: vq_blow_kiss_with_both_hands | D7: Blow a kiss, both hands | E7: 4.3 | F7: No
A8: 527 | B8: =550000+A8 -> 550527 | C8: vq_blow_kiss_with_left_hand | D8: Blow a kiss, left hand | E8: 4.3 | F8: No
A9: 528 | B9: =550000+A9 -> 550528 | C9: vq_blow_kiss_with_right_hand | D9: Blow a kiss, right hand | E9: 4.3 | F9: No
A10: 538 | B10: =550000+A10 -> 550538 | C10: vq_feiwen | D10: 飞吻 Flying kiss | E10: 5.8 | F10: No

Sheet Celebrating
A1: Celebrating: Celebration and fun.
A2: ID | B2: SetFsmId value | C2: Firmware name | D2: Meaning | E2: Length (s) | F2: Tested | G2: Notes
A3: 529 | B3: =550000+A3 -> 550529 | C3: vq_both_hands_up | D3: Both hands up | E3: 2.6 | F3: No
A4: 530 | B4: =550000+A4 -> 550530 | C4: vq_both_hands_up_deviate_right | D4: Both hands up, leaning right | E4: 2.8 | F4: No
A5: 550 | B5: =550000+A5 -> 550550 | C5: vq_right_hand_up | D5: Right hand up | E5: 2.6 | F5: No
A6: 531 | B6: =550000+A6 -> 550531 | C6: vq_box_both_hand_win | D6: Boxing victory pose, both hands | E6: 3.9 | F6: No
A7: 532 | B7: =550000+A7 -> 550532 | C7: vq_box_left_hand_win | D7: Boxing victory pose, left hand | E7: 2.6 | F7: No
A8: 533 | B8: =550000+A8 -> 550533 | C8: vq_box_right_hand_win | D8: Boxing victory pose, right hand | E8: 2.6 | F8: No
A9: 535 | B9: =550000+A9 -> 550535 | C9: vq_clap | D9: Clap | E9: 3.6 | F9: No
A10: 541 | B10: =550000+A10 -> 550541 | C10: vq_high_five | D10: High five | E10: 2.8 | F10: No
A11: 542 | B11: =550000+A11 -> 550542 | C11: vq_hug | D11: Hug | E11: 2.9 | F11: No
A12: 563 | B12: =550000+A12 -> 550563 | C12: vq_ultraman_ray | D12: Ultraman ray pose | E12: 3.5 | F12: No
A13: 555 | B13: =550000+A13 -> 550555 | C13: vq_shuangshoupaijian | D13: 双手拍肩? Patting shoulders? (guess) | E13: 5.5 | F13: No
A14: 557 | B14: =550000+A14 -> 550557 | C14: vq_shuangshouxiongqianfeishou | D14: Hands "flying" in front of chest? (guess) | E14: 4.2 | F14: No

Sheet Poses
A1: Poses: Poses and idle behaviors.
A2: ID | B2: SetFsmId value | C2: Firmware name | D2: Meaning | E2: Length (s) | F2: Tested | G2: Notes
A3: 518 | B3: =550000+A3 -> 550518 | C3: akimbo | D3: Hands on hips | E3: 6.8 | F3: No
A4: 534 | B4: =550000+A4 -> 550534 | C4: vq_chayao | D4: 叉腰 Hands on hips (v2) | E4: 6 | F4: No
A5: 520 | B5: =550000+A5 -> 550520 | C5: hands_cross_front | D5: Arms crossed in front | E5: 7.5 | F5: No
A6: 521 | B6: =550000+A6 -> 550521 | C6: hands_cross_back | D6: Hands behind the back | E6: 7.9 | F6: No
A7: 519 | B7: =550000+A7 -> 550519 | C7: scratch_right_head | D7: Scratching head, right hand | E7: 7 | F7: No
A8: 551 | B8: =550000+A8 -> 550551 | C8: vq_scratch_head | D8: Scratching head | E8: 7.8 | F8: No
A9: 556 | B9: =550000+A9 -> 550556 | C9: vq_shuangshouwulian | D9: 双手捂脸 Covering face with both hands (shy) | E9: 4.7 | F9: No
A10: 546 | B10: =550000+A10 -> 550546 | C10: vq_naopigu | D10: 挠屁股 Scratching its butt | E10: 5.6 | F10: No

Sheet System
A1: System: DO NOT USE for now: 402 makes the robot lie on the floor.
A2: ID | B2: SetFsmId value | C2: Firmware name | D2: Meaning | E2: Length (s) | F2: Tested | G2: Notes
A3: 101 | B3: =550000+A3 -> 550101 | C3: stance | D3: Return to stance | E3: 0 | F3: No
A4: 401 | B4: =550000+A4 -> 550401 | C4: vq_Y-qishen-faceup_001_get_up | D4: Stand up from lying on its back | E4: 3.1 | F4: No | G4: Avoid: lie-down / get-up from the floor
A5: 402 | B5: =550000+A5 -> 550402 | C5: vq_Y-qishen-faceup_001_lie_down | D5: LIES DOWN on the floor | E5: 3.1 | F5: No | G5: Avoid: lie-down / get-up from the floor
A6: 403 | B6: =550000+A6 -> 550403 | C6: vq_Y-qishen-facedown_002_get_up | D6: Stand up from lying face down | E6: 5.5 | F6: No | G6: Avoid: lie-down / get-up from the floor
